formazieleni.pl/agritech-about-us/,https://formazieleni.pl/o-nas/,301,false,true,false,false
formazieleni.pl/agritech-service/,https://formazieleni.pl/wycena/,301,false,true,false,false
formazieleni.pl/feed/,https://formazieleni.pl/artykuly/,301,false,true,false,false
formazieleni.pl/category/,https://formazieleni.pl/artykuly/,301,false,true,true,false
formazieleni.pl/author/formazieleni/,https://formazieleni.pl/o-nas/,301,false,true,false,false
formazieleni.pl/2026/08/31/mala-architektura-w-ogrodzie/,https://formazieleni.pl/artykuly/mala-architektura-w-ogrodzie/,301,false,true,false,false
formazieleni.pl/2026/08/31/projekt-nowoczesnego-ogrodu/,https://formazieleni.pl/artykuly/projekt-nowoczesnego-ogrodu/,301,false,true,false,false
formazieleni.pl/2026/08/19/elementor-1143/,https://formazieleni.pl/artykuly/projekt-ogrodu-przy-zabudowie-szeregowej/,301,false,true,false,false
formazieleni.pl/2026/07/21/ogrod-na-skarpie/,https://formazieleni.pl/artykuly/ogrod-na-skarpie/,301,false,true,false,false
formazieleni.pl/2026/03/25/naturalistyczna-strefa-relaks/,https://formazieleni.pl/artykuly/naturalistyczna-strefa-relaksu/,301,false,true,false,false
formazieleni.pl/2026/03/25/ogrody-strefy-podzwrotnikowej/,https://formazieleni.pl/artykuly/ogrody-strefy-podzwrotnikowej/,301,false,true,false,false
